event_id,start_time,asset_name,input_event_csv_filename,vab_flickers,vab_harmonics,vab_interruptions,vab_interruptions_harmonics,vab_osc_transients,vab_sags,vab_sags_harmonics,vab_spikes,vab_swells,vab_swells_harmonics,vbc_flickers,vbc_harmonics,vbc_interruptions,vbc_interruptions_harmonics,vbc_osc_transients,vbc_sags,vbc_sags_harmonics,vbc_spikes,vbc_swells,vbc_swells_harmonics,vca_flickers,vca_harmonics,vca_interruptions,vca_interruptions_harmonics,vca_osc_transients,vca_sags,vca_sags_harmonics,vca_spikes,vca_swells,vca_swells_harmonics,ia_flickers,ia_harmonics,ia_interruptions,ia_interruptions_harmonics,ia_osc_transients,ia_sags,ia_sags_harmonics,ia_spikes,ia_swells,ia_swells_harmonics,ib_flickers,ib_harmonics,ib_interruptions,ib_interruptions_harmonics,ib_osc_transients,ib_sags,ib_sags_harmonics,ib_spikes,ib_swells,ib_swells_harmonics,ic_flickers,ic_harmonics,ic_interruptions,ic_interruptions_harmonics,ic_osc_transients,ic_sags,ic_sags_harmonics,ic_spikes,ic_swells,ic_swells_harmonics
event_087,2022-06-29,test_087,input_event_sample087
event_093,2022-06-29,test_093,input_event_sample093
event_00,2022-06-29,test_00,input_event_sample00
event_0289,2022-06-29,test_0289,input_event_sample0289
event_044,2022-06-29,test_044,input_event_sample044
event_0262,2022-06-29,test_0262,input_event_sample0262
event_0276,2022-06-29,test_0276,input_event_sample0276
event_050,2022-06-29,test_050,input_event_sample050
event_078,2022-06-29,test_078,input_event_sample078
event_0114,2022-06-29,test_0114,input_event_sample0114
event_0100,2022-06-29,test_0100,input_event_sample0100
event_0128,2022-06-29,test_0128,input_event_sample0128
event_0470,2022-06-29,test_0470,input_event_sample0470
event_0316,2022-06-29,test_0316,input_event_sample0316
event_0302,2022-06-29,test_0302,input_event_sample0302
event_0464,2022-06-29,test_0464,input_event_sample0464
event_0458,2022-06-29,test_0458,input_event_sample0458
event_0459,2022-06-29,test_0459,input_event_sample0459
event_0303,2022-06-29,test_0303,input_event_sample0303
event_0465,2022-06-29,test_0465,input_event_sample0465
event_0471,2022-06-29,test_0471,input_event_sample0471
event_0317,2022-06-29,test_0317,input_event_sample0317
event_0129,2022-06-29,test_0129,input_event_sample0129
event_0101,2022-06-29,test_0101,input_event_sample0101
event_0115,2022-06-29,test_0115,input_event_sample0115
event_079,2022-06-29,test_079,input_event_sample079
event_051,2022-06-29,test_051,input_event_sample051
event_0277,2022-06-29,test_0277,input_event_sample0277
event_0263,2022-06-29,test_0263,input_event_sample0263
event_045,2022-06-29,test_045,input_event_sample045
event_0288,2022-06-29,test_0288,input_event_sample0288
event_01,2022-06-29,test_01,input_event_sample01
event_092,2022-06-29,test_092,input_event_sample092
event_086,2022-06-29,test_086,input_event_sample086
event_090,2022-06-29,test_090,input_event_sample090
event_084,2022-06-29,test_084,input_event_sample084
event_03,2022-06-29,test_03,input_event_sample03
event_0275,2022-06-29,test_0275,input_event_sample0275
event_053,2022-06-29,test_053,input_event_sample053
event_047,2022-06-29,test_047,input_event_sample047
event_0261,2022-06-29,test_0261,input_event_sample0261
event_0249,2022-06-29,test_0249,input_event_sample0249
event_0103,2022-06-29,test_0103,input_event_sample0103
event_0117,2022-06-29,test_0117,input_event_sample0117
event_0498,2022-06-29,test_0498,input_event_sample0498
event_0467,2022-06-29,test_0467,input_event_sample0467
event_0301,2022-06-29,test_0301,input_event_sample0301
event_0315,2022-06-29,test_0315,input_event_sample0315
event_0473,2022-06-29,test_0473,input_event_sample0473
event_0329,2022-06-29,test_0329,input_event_sample0329
event_0328,2022-06-29,test_0328,input_event_sample0328
event_0314,2022-06-29,test_0314,input_event_sample0314
event_0472,2022-06-29,test_0472,input_event_sample0472
event_0466,2022-06-29,test_0466,input_event_sample0466
event_0300,2022-06-29,test_0300,input_event_sample0300
event_0499,2022-06-29,test_0499,input_event_sample0499
event_0116,2022-06-29,test_0116,input_event_sample0116
event_0102,2022-06-29,test_0102,input_event_sample0102
event_0248,2022-06-29,test_0248,input_event_sample0248
event_0260,2022-06-29,test_0260,input_event_sample0260
event_046,2022-06-29,test_046,input_event_sample046
event_052,2022-06-29,test_052,input_event_sample052
event_0274,2022-06-29,test_0274,input_event_sample0274
event_02,2022-06-29,test_02,input_event_sample02
event_085,2022-06-29,test_085,input_event_sample085
event_091,2022-06-29,test_091,input_event_sample091
event_06,2022-06-29,test_06,input_event_sample06
event_095,2022-06-29,test_095,input_event_sample095
event_081,2022-06-29,test_081,input_event_sample081
event_0258,2022-06-29,test_0258,input_event_sample0258
event_0270,2022-06-29,test_0270,input_event_sample0270
event_056,2022-06-29,test_056,input_event_sample056
event_042,2022-06-29,test_042,input_event_sample042
event_0264,2022-06-29,test_0264,input_event_sample0264
event_0106,2022-06-29,test_0106,input_event_sample0106
event_0112,2022-06-29,test_0112,input_event_sample0112
event_0489,2022-06-29,test_0489,input_event_sample0489
event_0338,2022-06-29,test_0338,input_event_sample0338
event_0304,2022-06-29,test_0304,input_event_sample0304
event_0462,2022-06-29,test_0462,input_event_sample0462
event_0476,2022-06-29,test_0476,input_event_sample0476
event_0310,2022-06-29,test_0310,input_event_sample0310
event_0477,2022-06-29,test_0477,input_event_sample0477
event_0311,2022-06-29,test_0311,input_event_sample0311
event_0305,2022-06-29,test_0305,input_event_sample0305
event_0463,2022-06-29,test_0463,input_event_sample0463
event_0339,2022-06-29,test_0339,input_event_sample0339
event_0488,2022-06-29,test_0488,input_event_sample0488
event_0113,2022-06-29,test_0113,input_event_sample0113
event_0107,2022-06-29,test_0107,input_event_sample0107
event_0265,2022-06-29,test_0265,input_event_sample0265
event_043,2022-06-29,test_043,input_event_sample043
event_057,2022-06-29,test_057,input_event_sample057
event_0271,2022-06-29,test_0271,input_event_sample0271
event_0259,2022-06-29,test_0259,input_event_sample0259
event_080,2022-06-29,test_080,input_event_sample080
event_094,2022-06-29,test_094,input_event_sample094
event_07,2022-06-29,test_07,input_event_sample07
event_05,2022-06-29,test_05,input_event_sample05
event_0298,2022-06-29,test_0298,input_event_sample0298
event_082,2022-06-29,test_082,input_event_sample082
event_096,2022-06-29,test_096,input_event_sample096
event_069,2022-06-29,test_069,input_event_sample069
event_041,2022-06-29,test_041,input_event_sample041
event_0267,2022-06-29,test_0267,input_event_sample0267
event_0273,2022-06-29,test_0273,input_event_sample0273
event_055,2022-06-29,test_055,input_event_sample055
event_0139,2022-06-29,test_0139,input_event_sample0139
event_0111,2022-06-29,test_0111,input_event_sample0111
event_0105,2022-06-29,test_0105,input_event_sample0105
event_0449,2022-06-29,test_0449,input_event_sample0449
event_0313,2022-06-29,test_0313,input_event_sample0313
event_0475,2022-06-29,test_0475,input_event_sample0475
event_0461,2022-06-29,test_0461,input_event_sample0461
event_0307,2022-06-29,test_0307,input_event_sample0307
event_0460,2022-06-29,test_0460,input_event_sample0460
event_0306,2022-06-29,test_0306,input_event_sample0306
event_0312,2022-06-29,test_0312,input_event_sample0312
event_0474,2022-06-29,test_0474,input_event_sample0474
event_0448,2022-06-29,test_0448,input_event_sample0448
event_0104,2022-06-29,test_0104,input_event_sample0104
event_0110,2022-06-29,test_0110,input_event_sample0110
event_0138,2022-06-29,test_0138,input_event_sample0138
event_054,2022-06-29,test_054,input_event_sample054
event_0272,2022-06-29,test_0272,input_event_sample0272
event_0266,2022-06-29,test_0266,input_event_sample0266
event_040,2022-06-29,test_040,input_event_sample040
event_068,2022-06-29,test_068,input_event_sample068
event_097,2022-06-29,test_097,input_event_sample097
event_083,2022-06-29,test_083,input_event_sample083
event_0299,2022-06-29,test_0299,input_event_sample0299
event_04,2022-06-29,test_04,input_event_sample04
event_0201,2022-06-29,test_0201,input_event_sample0201
event_027,2022-06-29,test_027,input_event_sample027
event_033,2022-06-29,test_033,input_event_sample033
event_0215,2022-06-29,test_0215,input_event_sample0215
event_0229,2022-06-29,test_0229,input_event_sample0229
event_0188,2022-06-29,test_0188,input_event_sample0188
event_0177,2022-06-29,test_0177,input_event_sample0177
event_0163,2022-06-29,test_0163,input_event_sample0163
event_0375,2022-06-29,test_0375,input_event_sample0375
event_0413,2022-06-29,test_0413,input_event_sample0413
event_0407,2022-06-29,test_0407,input_event_sample0407
event_0361,2022-06-29,test_0361,input_event_sample0361
event_0349,2022-06-29,test_0349,input_event_sample0349
event_0348,2022-06-29,test_0348,input_event_sample0348
event_0406,2022-06-29,test_0406,input_event_sample0406
event_0360,2022-06-29,test_0360,input_event_sample0360
event_0374,2022-06-29,test_0374,input_event_sample0374
event_0412,2022-06-29,test_0412,input_event_sample0412
event_0162,2022-06-29,test_0162,input_event_sample0162
event_0176,2022-06-29,test_0176,input_event_sample0176
event_0189,2022-06-29,test_0189,input_event_sample0189
event_0228,2022-06-29,test_0228,input_event_sample0228
event_0214,2022-06-29,test_0214,input_event_sample0214
event_032,2022-06-29,test_032,input_event_sample032
event_026,2022-06-29,test_026,input_event_sample026
event_0200,2022-06-29,test_0200,input_event_sample0200
event_030,2022-06-29,test_030,input_event_sample030
event_0216,2022-06-29,test_0216,input_event_sample0216
event_0202,2022-06-29,test_0202,input_event_sample0202
event_024,2022-06-29,test_024,input_event_sample024
event_018,2022-06-29,test_018,input_event_sample018
event_0160,2022-06-29,test_0160,input_event_sample0160
event_0174,2022-06-29,test_0174,input_event_sample0174
event_0148,2022-06-29,test_0148,input_event_sample0148
event_0389,2022-06-29,test_0389,input_event_sample0389
event_0362,2022-06-29,test_0362,input_event_sample0362
event_0404,2022-06-29,test_0404,input_event_sample0404
event_0410,2022-06-29,test_0410,input_event_sample0410
event_0376,2022-06-29,test_0376,input_event_sample0376
event_0438,2022-06-29,test_0438,input_event_sample0438
event_0439,2022-06-29,test_0439,input_event_sample0439
event_0411,2022-06-29,test_0411,input_event_sample0411
event_0377,2022-06-29,test_0377,input_event_sample0377
event_0363,2022-06-29,test_0363,input_event_sample0363
event_0405,2022-06-29,test_0405,input_event_sample0405
event_0388,2022-06-29,test_0388,input_event_sample0388
event_0149,2022-06-29,test_0149,input_event_sample0149
event_0175,2022-06-29,test_0175,input_event_sample0175
event_0161,2022-06-29,test_0161,input_event_sample0161
event_019,2022-06-29,test_019,input_event_sample019
event_025,2022-06-29,test_025,input_event_sample025
event_0203,2022-06-29,test_0203,input_event_sample0203
event_0217,2022-06-29,test_0217,input_event_sample0217
event_031,2022-06-29,test_031,input_event_sample031
event_035,2022-06-29,test_035,input_event_sample035
event_0213,2022-06-29,test_0213,input_event_sample0213
event_0207,2022-06-29,test_0207,input_event_sample0207
event_021,2022-06-29,test_021,input_event_sample021
event_0159,2022-06-29,test_0159,input_event_sample0159
event_0165,2022-06-29,test_0165,input_event_sample0165
event_0171,2022-06-29,test_0171,input_event_sample0171
event_0398,2022-06-29,test_0398,input_event_sample0398
event_0429,2022-06-29,test_0429,input_event_sample0429
event_0401,2022-06-29,test_0401,input_event_sample0401
event_0367,2022-06-29,test_0367,input_event_sample0367
event_0373,2022-06-29,test_0373,input_event_sample0373
event_0415,2022-06-29,test_0415,input_event_sample0415
event_0372,2022-06-29,test_0372,input_event_sample0372
event_0414,2022-06-29,test_0414,input_event_sample0414
event_0400,2022-06-29,test_0400,input_event_sample0400
event_0366,2022-06-29,test_0366,input_event_sample0366
event_0428,2022-06-29,test_0428,input_event_sample0428
event_0399,2022-06-29,test_0399,input_event_sample0399
event_0170,2022-06-29,test_0170,input_event_sample0170
event_0164,2022-06-29,test_0164,input_event_sample0164
event_0158,2022-06-29,test_0158,input_event_sample0158
event_020,2022-06-29,test_020,input_event_sample020
event_0206,2022-06-29,test_0206,input_event_sample0206
event_0212,2022-06-29,test_0212,input_event_sample0212
event_034,2022-06-29,test_034,input_event_sample034
event_0238,2022-06-29,test_0238,input_event_sample0238
event_0204,2022-06-29,test_0204,input_event_sample0204
event_022,2022-06-29,test_022,input_event_sample022
event_036,2022-06-29,test_036,input_event_sample036
event_0210,2022-06-29,test_0210,input_event_sample0210
event_0199,2022-06-29,test_0199,input_event_sample0199
event_0172,2022-06-29,test_0172,input_event_sample0172
event_0166,2022-06-29,test_0166,input_event_sample0166
event_0358,2022-06-29,test_0358,input_event_sample0358
event_0416,2022-06-29,test_0416,input_event_sample0416
event_0370,2022-06-29,test_0370,input_event_sample0370
event_0364,2022-06-29,test_0364,input_event_sample0364
event_0402,2022-06-29,test_0402,input_event_sample0402
event_0365,2022-06-29,test_0365,input_event_sample0365
event_0403,2022-06-29,test_0403,input_event_sample0403
event_0417,2022-06-29,test_0417,input_event_sample0417
event_0371,2022-06-29,test_0371,input_event_sample0371
event_0359,2022-06-29,test_0359,input_event_sample0359
event_0167,2022-06-29,test_0167,input_event_sample0167
event_0173,2022-06-29,test_0173,input_event_sample0173
event_0198,2022-06-29,test_0198,input_event_sample0198
event_0211,2022-06-29,test_0211,input_event_sample0211
event_037,2022-06-29,test_037,input_event_sample037
event_023,2022-06-29,test_023,input_event_sample023
event_0205,2022-06-29,test_0205,input_event_sample0205
event_0239,2022-06-29,test_0239,input_event_sample0239
event_0220,2022-06-29,test_0220,input_event_sample0220
event_0234,2022-06-29,test_0234,input_event_sample0234
event_012,2022-06-29,test_012,input_event_sample012
event_0208,2022-06-29,test_0208,input_event_sample0208
event_0195,2022-06-29,test_0195,input_event_sample0195
event_0181,2022-06-29,test_0181,input_event_sample0181
event_0156,2022-06-29,test_0156,input_event_sample0156
event_0142,2022-06-29,test_0142,input_event_sample0142
event_0397,2022-06-29,test_0397,input_event_sample0397
event_0383,2022-06-29,test_0383,input_event_sample0383
event_0354,2022-06-29,test_0354,input_event_sample0354
event_0432,2022-06-29,test_0432,input_event_sample0432
event_0426,2022-06-29,test_0426,input_event_sample0426
event_0340,2022-06-29,test_0340,input_event_sample0340
event_0368,2022-06-29,test_0368,input_event_sample0368
event_0369,2022-06-29,test_0369,input_event_sample0369
event_0427,2022-06-29,test_0427,input_event_sample0427
event_0341,2022-06-29,test_0341,input_event_sample0341
event_0355,2022-06-29,test_0355,input_event_sample0355
event_0433,2022-06-29,test_0433,input_event_sample0433
event_0382,2022-06-29,test_0382,input_event_sample0382
event_0396,2022-06-29,test_0396,input_event_sample0396
event_0143,2022-06-29,test_0143,input_event_sample0143
event_0157,2022-06-29,test_0157,input_event_sample0157
event_0180,2022-06-29,test_0180,input_event_sample0180
event_0194,2022-06-29,test_0194,input_event_sample0194
event_0209,2022-06-29,test_0209,input_event_sample0209
event_013,2022-06-29,test_013,input_event_sample013
event_0235,2022-06-29,test_0235,input_event_sample0235
event_0221,2022-06-29,test_0221,input_event_sample0221
event_0237,2022-06-29,test_0237,input_event_sample0237
event_011,2022-06-29,test_011,input_event_sample011
event_0223,2022-06-29,test_0223,input_event_sample0223
event_039,2022-06-29,test_039,input_event_sample039
event_0182,2022-06-29,test_0182,input_event_sample0182
event_0196,2022-06-29,test_0196,input_event_sample0196
event_0141,2022-06-29,test_0141,input_event_sample0141
event_0155,2022-06-29,test_0155,input_event_sample0155
event_0169,2022-06-29,test_0169,input_event_sample0169
event_0380,2022-06-29,test_0380,input_event_sample0380
event_0394,2022-06-29,test_0394,input_event_sample0394
event_0343,2022-06-29,test_0343,input_event_sample0343
event_0425,2022-06-29,test_0425,input_event_sample0425
event_0431,2022-06-29,test_0431,input_event_sample0431
event_0357,2022-06-29,test_0357,input_event_sample0357
event_0419,2022-06-29,test_0419,input_event_sample0419
event_0418,2022-06-29,test_0418,input_event_sample0418
event_0430,2022-06-29,test_0430,input_event_sample0430
event_0356,2022-06-29,test_0356,input_event_sample0356
event_0342,2022-06-29,test_0342,input_event_sample0342
event_0424,2022-06-29,test_0424,input_event_sample0424
event_0395,2022-06-29,test_0395,input_event_sample0395
event_0381,2022-06-29,test_0381,input_event_sample0381
event_0168,2022-06-29,test_0168,input_event_sample0168
event_0154,2022-06-29,test_0154,input_event_sample0154
event_0140,2022-06-29,test_0140,input_event_sample0140
event_0197,2022-06-29,test_0197,input_event_sample0197
event_0183,2022-06-29,test_0183,input_event_sample0183
event_038,2022-06-29,test_038,input_event_sample038
event_0222,2022-06-29,test_0222,input_event_sample0222
event_010,2022-06-29,test_010,input_event_sample010
event_0236,2022-06-29,test_0236,input_event_sample0236
event_028,2022-06-29,test_028,input_event_sample028
event_0232,2022-06-29,test_0232,input_event_sample0232
event_014,2022-06-29,test_014,input_event_sample014
event_0226,2022-06-29,test_0226,input_event_sample0226
event_0187,2022-06-29,test_0187,input_event_sample0187
event_0193,2022-06-29,test_0193,input_event_sample0193
event_0178,2022-06-29,test_0178,input_event_sample0178
event_0144,2022-06-29,test_0144,input_event_sample0144
event_0150,2022-06-29,test_0150,input_event_sample0150
event_0385,2022-06-29,test_0385,input_event_sample0385
event_0391,2022-06-29,test_0391,input_event_sample0391
event_0408,2022-06-29,test_0408,input_event_sample0408
event_0420,2022-06-29,test_0420,input_event_sample0420
event_0346,2022-06-29,test_0346,input_event_sample0346
event_0352,2022-06-29,test_0352,input_event_sample0352
event_0434,2022-06-29,test_0434,input_event_sample0434
event_0353,2022-06-29,test_0353,input_event_sample0353
event_0435,2022-06-29,test_0435,input_event_sample0435
event_0421,2022-06-29,test_0421,input_event_sample0421
event_0347,2022-06-29,test_0347,input_event_sample0347
event_0409,2022-06-29,test_0409,input_event_sample0409
event_0390,2022-06-29,test_0390,input_event_sample0390
event_0384,2022-06-29,test_0384,input_event_sample0384
event_0151,2022-06-29,test_0151,input_event_sample0151
event_0145,2022-06-29,test_0145,input_event_sample0145
event_0179,2022-06-29,test_0179,input_event_sample0179
event_0192,2022-06-29,test_0192,input_event_sample0192
event_0186,2022-06-29,test_0186,input_event_sample0186
event_0227,2022-06-29,test_0227,input_event_sample0227
event_015,2022-06-29,test_015,input_event_sample015
event_0233,2022-06-29,test_0233,input_event_sample0233
event_029,2022-06-29,test_029,input_event_sample029
event_0219,2022-06-29,test_0219,input_event_sample0219
event_0225,2022-06-29,test_0225,input_event_sample0225
event_0231,2022-06-29,test_0231,input_event_sample0231
event_017,2022-06-29,test_017,input_event_sample017
event_0190,2022-06-29,test_0190,input_event_sample0190
event_0184,2022-06-29,test_0184,input_event_sample0184
event_0153,2022-06-29,test_0153,input_event_sample0153
event_0147,2022-06-29,test_0147,input_event_sample0147
event_0392,2022-06-29,test_0392,input_event_sample0392
event_0386,2022-06-29,test_0386,input_event_sample0386
event_0379,2022-06-29,test_0379,input_event_sample0379
event_0437,2022-06-29,test_0437,input_event_sample0437
event_0351,2022-06-29,test_0351,input_event_sample0351
event_0345,2022-06-29,test_0345,input_event_sample0345
event_0423,2022-06-29,test_0423,input_event_sample0423
event_0344,2022-06-29,test_0344,input_event_sample0344
event_0422,2022-06-29,test_0422,input_event_sample0422
event_0436,2022-06-29,test_0436,input_event_sample0436
event_0350,2022-06-29,test_0350,input_event_sample0350
event_0378,2022-06-29,test_0378,input_event_sample0378
event_0387,2022-06-29,test_0387,input_event_sample0387
event_0393,2022-06-29,test_0393,input_event_sample0393
event_0146,2022-06-29,test_0146,input_event_sample0146
event_0152,2022-06-29,test_0152,input_event_sample0152
event_0185,2022-06-29,test_0185,input_event_sample0185
event_0191,2022-06-29,test_0191,input_event_sample0191
event_016,2022-06-29,test_016,input_event_sample016
event_0230,2022-06-29,test_0230,input_event_sample0230
event_0224,2022-06-29,test_0224,input_event_sample0224
event_0218,2022-06-29,test_0218,input_event_sample0218
event_0280,2022-06-29,test_0280,input_event_sample0280
event_0294,2022-06-29,test_0294,input_event_sample0294
event_09,2022-06-29,test_09,input_event_sample09
event_0243,2022-06-29,test_0243,input_event_sample0243
event_065,2022-06-29,test_065,input_event_sample065
event_071,2022-06-29,test_071,input_event_sample071
event_0257,2022-06-29,test_0257,input_event_sample0257
event_059,2022-06-29,test_059,input_event_sample059
event_0135,2022-06-29,test_0135,input_event_sample0135
event_0121,2022-06-29,test_0121,input_event_sample0121
event_0109,2022-06-29,test_0109,input_event_sample0109
event_0492,2022-06-29,test_0492,input_event_sample0492
event_0486,2022-06-29,test_0486,input_event_sample0486
event_0451,2022-06-29,test_0451,input_event_sample0451
event_0337,2022-06-29,test_0337,input_event_sample0337
event_0323,2022-06-29,test_0323,input_event_sample0323
event_0445,2022-06-29,test_0445,input_event_sample0445
event_0479,2022-06-29,test_0479,input_event_sample0479
event_0478,2022-06-29,test_0478,input_event_sample0478
event_0322,2022-06-29,test_0322,input_event_sample0322
event_0444,2022-06-29,test_0444,input_event_sample0444
event_0450,2022-06-29,test_0450,input_event_sample0450
event_0336,2022-06-29,test_0336,input_event_sample0336
event_0487,2022-06-29,test_0487,input_event_sample0487
event_0493,2022-06-29,test_0493,input_event_sample0493
event_0108,2022-06-29,test_0108,input_event_sample0108
event_0120,2022-06-29,test_0120,input_event_sample0120
event_0134,2022-06-29,test_0134,input_event_sample0134
event_058,2022-06-29,test_058,input_event_sample058
event_0256,2022-06-29,test_0256,input_event_sample0256
event_070,2022-06-29,test_070,input_event_sample070
event_064,2022-06-29,test_064,input_event_sample064
event_0242,2022-06-29,test_0242,input_event_sample0242
event_08,2022-06-29,test_08,input_event_sample08
event_0295,2022-06-29,test_0295,input_event_sample0295
event_0281,2022-06-29,test_0281,input_event_sample0281
event_0297,2022-06-29,test_0297,input_event_sample0297
event_0283,2022-06-29,test_0283,input_event_sample0283
event_099,2022-06-29,test_099,input_event_sample099
event_072,2022-06-29,test_072,input_event_sample072
event_0254,2022-06-29,test_0254,input_event_sample0254
event_0240,2022-06-29,test_0240,input_event_sample0240
event_066,2022-06-29,test_066,input_event_sample066
event_0268,2022-06-29,test_0268,input_event_sample0268
event_0122,2022-06-29,test_0122,input_event_sample0122
event_0136,2022-06-29,test_0136,input_event_sample0136
event_0485,2022-06-29,test_0485,input_event_sample0485
event_0491,2022-06-29,test_0491,input_event_sample0491
event_0446,2022-06-29,test_0446,input_event_sample0446
event_0320,2022-06-29,test_0320,input_event_sample0320
event_0334,2022-06-29,test_0334,input_event_sample0334
event_0452,2022-06-29,test_0452,input_event_sample0452
event_0308,2022-06-29,test_0308,input_event_sample0308
event_0309,2022-06-29,test_0309,input_event_sample0309
event_0335,2022-06-29,test_0335,input_event_sample0335
event_0453,2022-06-29,test_0453,input_event_sample0453
event_0447,2022-06-29,test_0447,input_event_sample0447
event_0321,2022-06-29,test_0321,input_event_sample0321
event_0490,2022-06-29,test_0490,input_event_sample0490
event_0484,2022-06-29,test_0484,input_event_sample0484
event_0137,2022-06-29,test_0137,input_event_sample0137
event_0123,2022-06-29,test_0123,input_event_sample0123
event_0269,2022-06-29,test_0269,input_event_sample0269
event_067,2022-06-29,test_067,input_event_sample067
event_0241,2022-06-29,test_0241,input_event_sample0241
event_0255,2022-06-29,test_0255,input_event_sample0255
event_073,2022-06-29,test_073,input_event_sample073
event_098,2022-06-29,test_098,input_event_sample098
event_0282,2022-06-29,test_0282,input_event_sample0282
event_0296,2022-06-29,test_0296,input_event_sample0296
event_088,2022-06-29,test_088,input_event_sample088
event_0292,2022-06-29,test_0292,input_event_sample0292
event_0286,2022-06-29,test_0286,input_event_sample0286
event_0279,2022-06-29,test_0279,input_event_sample0279
event_077,2022-06-29,test_077,input_event_sample077
event_0251,2022-06-29,test_0251,input_event_sample0251
event_0245,2022-06-29,test_0245,input_event_sample0245
event_063,2022-06-29,test_063,input_event_sample063
event_0127,2022-06-29,test_0127,input_event_sample0127
event_0133,2022-06-29,test_0133,input_event_sample0133
event_0480,2022-06-29,test_0480,input_event_sample0480
event_0494,2022-06-29,test_0494,input_event_sample0494
event_0319,2022-06-29,test_0319,input_event_sample0319
event_0325,2022-06-29,test_0325,input_event_sample0325
event_0443,2022-06-29,test_0443,input_event_sample0443
event_0457,2022-06-29,test_0457,input_event_sample0457
event_0331,2022-06-29,test_0331,input_event_sample0331
event_0456,2022-06-29,test_0456,input_event_sample0456
event_0330,2022-06-29,test_0330,input_event_sample0330
event_0324,2022-06-29,test_0324,input_event_sample0324
event_0442,2022-06-29,test_0442,input_event_sample0442
event_0318,2022-06-29,test_0318,input_event_sample0318
event_0495,2022-06-29,test_0495,input_event_sample0495
event_0481,2022-06-29,test_0481,input_event_sample0481
event_0132,2022-06-29,test_0132,input_event_sample0132
event_0126,2022-06-29,test_0126,input_event_sample0126
event_062,2022-06-29,test_062,input_event_sample062
event_0244,2022-06-29,test_0244,input_event_sample0244
event_0250,2022-06-29,test_0250,input_event_sample0250
event_076,2022-06-29,test_076,input_event_sample076
event_0278,2022-06-29,test_0278,input_event_sample0278
event_0287,2022-06-29,test_0287,input_event_sample0287
event_0293,2022-06-29,test_0293,input_event_sample0293
event_089,2022-06-29,test_089,input_event_sample089
event_0285,2022-06-29,test_0285,input_event_sample0285
event_0291,2022-06-29,test_0291,input_event_sample0291
event_048,2022-06-29,test_048,input_event_sample048
event_0246,2022-06-29,test_0246,input_event_sample0246
event_060,2022-06-29,test_060,input_event_sample060
event_074,2022-06-29,test_074,input_event_sample074
event_0252,2022-06-29,test_0252,input_event_sample0252
event_0118,2022-06-29,test_0118,input_event_sample0118
event_0130,2022-06-29,test_0130,input_event_sample0130
event_0124,2022-06-29,test_0124,input_event_sample0124
event_0497,2022-06-29,test_0497,input_event_sample0497
event_0483,2022-06-29,test_0483,input_event_sample0483
event_0468,2022-06-29,test_0468,input_event_sample0468
event_0332,2022-06-29,test_0332,input_event_sample0332
event_0454,2022-06-29,test_0454,input_event_sample0454
event_0440,2022-06-29,test_0440,input_event_sample0440
event_0326,2022-06-29,test_0326,input_event_sample0326
event_0441,2022-06-29,test_0441,input_event_sample0441
event_0327,2022-06-29,test_0327,input_event_sample0327
event_0333,2022-06-29,test_0333,input_event_sample0333
event_0455,2022-06-29,test_0455,input_event_sample0455
event_0469,2022-06-29,test_0469,input_event_sample0469
event_0482,2022-06-29,test_0482,input_event_sample0482
event_0496,2022-06-29,test_0496,input_event_sample0496
event_0125,2022-06-29,test_0125,input_event_sample0125
event_0131,2022-06-29,test_0131,input_event_sample0131
event_0119,2022-06-29,test_0119,input_event_sample0119
event_0253,2022-06-29,test_0253,input_event_sample0253
event_075,2022-06-29,test_075,input_event_sample075
event_061,2022-06-29,test_061,input_event_sample061
event_0247,2022-06-29,test_0247,input_event_sample0247
event_049,2022-06-29,test_049,input_event_sample049
event_0290,2022-06-29,test_0290,input_event_sample0290
event_0284,2022-06-29,test_0284,input_event_sample0284
